"pos","rs_id","X3571428.500000","X357142.937500","X257030.656250","X184981.281250","X133128.375000","X95810.585938","X68953.507812","X49624.847656","X35714.292969","X25703.064453","X18498.126953","X13312.836914","X9581.057617","X6895.350098","X4962.484863","X3571.429199","X2570.306396","X1849.812622","X1331.283691","X958.105774","X689.534973","X496.248444","X357.142914","X257.030640","X184.981262","X133.128357","X95.810577","X68.953499","X49.624844","X35.714287","X0.000000","when_DAF_is_half","when_mutation_has_freq2","population"
20315815,".",1,1,1,1,1,1,1,1,1,1,1,1,1,1,-6.63502,-5.5957,-5.18622,-5.20375,-4.54409,-3.98167,-3.13033,-2.77537,-2.02355,-1.77124,-1.70608,-1.40631,-1.38996,-1.92438,-0.94864,-1.7663,0,-1.87525,-7.33837,"LWK"
23370843,".",1,1,1,1,1,1,1,1,1,1,1,1,1,1,-7.91027,-6.96401,-6.8016,-5.5315,-4.75934,-4.98699,-3.72799,-4.52137,-3.90379,-3.17688,-2.45037,-2.15212,-1.5687,-1.2063,-0.90778,-0.594836,0,-3.8264,-8.55552,"LWK"
41543371,".",1,1,1,1,1,1,1,1,1,1,1,1,1,1,1,-4.31995,-4.87583,-4.27156,-3.5588,-3.23676,-2.93448,-2.55516,-2.28726,-1.65442,-1.1977,-1.69895,-1.1834,-0.845801,-0.52601,-0.552863,0,-1.82029,-6.98885,"LWK"
54089456,".",1,1,1,1,1,1,1,1,1,1,1,1,1,1,1,1,1,1,1,-6.65562,-6.51066,-5.20197,-2.84682,-2.5297,-1.75461,-1.44732,-0.843928,-0.657026,-0.628741,-0.825973,0,-1.80491,-6.41506,"LWK"
63276390,".",1,1,1,1,1,1,1,1,1,1,1,1,1,1,-4.83006,-3.65063,-2.42661,-3.73885,-2.52668,-2.06796,-1.63485,-1.16317,-1.05804,-0.507486,-0.335927,-0.764281,-0.595004,-0.505031,-0.281722,-0.374738,0,-1.01703,-6.05563,"LWK"
63404138,".",1,1,1,1,1,1,1,1,1,1,1,1,1,1,1,-5.81287,-4.61101,-4.18878,-4.45607,-4.41377,-3.615,-2.88657,-2.51033,-1.77237,-1.67375,-2.18614,-1.73576,-1.25364,-1.47013,-1.07242,0,-2.4852,-6.05563,"LWK"
63404457,".",1,1,1,1,1,1,1,1,1,1,1,1,1,1,1,1,-6.0364,-4.72158,-4.216,-3.91071,-3.39619,-2.39542,-2.78299,-2.01535,-1.51131,-1.41326,-0.89393,-1.23655,-1.14678,-0.949249,0,-2.29743,-6.3382,"LWK"
63405319,".",1,1,1,1,1,1,1,1,1,1,1,1,1,1,1,1,-6.89084,-5.44412,-4.29186,-3.73988,-3.59149,-2.84881,-2.42331,-1.90173,-1.40622,-1.28713,-1.39122,-2.32656,-1.99207,-1.76611,0,-2.03904,-6.71316,"LWK"
63461449,".",1,1,1,1,1,1,1,1,1,1,1,1,1,1,-6.56446,-6.28976,-4.71271,-4.18921,-2.41788,-1.40161,-1.11897,-0.646357,-0.868585,-0.712709,-0.938552,-0.599135,-0.459972,-0.663827,-0.988324,-0.70323,0,-1.26531,-6.56446,"LWK"
99726509,".",1,1,1,1,1,1,1,1,1,1,1,1,1,1,1,1,-5.43213,-4.79879,-3.99366,-2.47695,-2.73556,-2.38201,-2.13523,-1.70097,-1.55386,-0.939781,-0.589204,-0.251806,-0.157713,-0.246014,0,-1.82,-6.19559,"LWK"
99796599,".",1,1,1,1,1,1,1,1,1,1,1,1,1,1,1,1,-4.8174,-2.93599,-2.33378,-1.47416,-1.10166,-1.13877,-0.819936,-0.477193,-0.575344,-0.496285,-0.33078,-0.268636,-0.0928834,-0.0367215,0,-0.746716,-6.19559,"LWK"
110224305,".",1,1,1,1,1,1,1,1,1,1,1,1,1,1,1,1,-4.74633,-3.65063,-3.00404,-2.37704,-2.27627,-1.33958,-1.18847,-0.436304,-0.281833,-0.133231,-0.165036,-0.206715,-0.146963,-0.209928,0,-0.512878,-6.05368,"LWK"
112159030,".",1,1,1,1,1,1,1,1,1,1,1,1,1,1,1,1,1,1,-7.12129,-5.64813,-3.45839,-2.61818,-2.68468,-1.98322,-1.78184,-1.73974,-1.24438,-1.10191,-0.389168,-0.362517,0,-1.90086,-7.21554,"LWK"
122830552,".",1,1,1,1,1,1,1,1,1,1,1,1,1,-6.29667,-4.99688,-4.22131,-3.66566,-3.10924,-2.49807,-2.7112,-2.12933,-1.72271,-1.46649,-1.07777,-1.40989,-1.02267,-0.751185,-1.11403,-0.837045,-0.635948,0,-2.32897,-6.29667,"LWK"
130719731,".",1,1,1,1,1,1,1,1,1,1,1,1,1,1,-6.29667,-4.99688,-4.44775,-3.66566,-2.88224,-1.91562,-1.39676,-0.985069,-1.96959,-1.67295,-1.23958,-1.70642,-1.45016,-1.2115,-0.98819,-0.778385,0,-2.32897,-6.29667,"LWK"
132284278,".",1,1,1,1,1,1,1,1,1,1,1,1,1,1,1,1,1,1,1,-5.29564,-4.8071,-4.83999,-3.69767,-3.06857,-2.60937,-1.91422,-1.0451,-1.22694,-0.52403,-0.839764,0,-2.64007,-6.21136,"LWK"
143933640,".",1,1,1,1,1,1,1,1,1,1,1,1,1,1,1,1,1,1,-5.60035,-3.48907,-2.84799,-3.31741,-3.00925,-2.25468,-1.78508,-2.13504,-1.42922,-0.891489,-0.797086,-0.155709,0,-2.28923,-6.19141,"LWK"
144000863,".",1,1,1,1,1,1,1,1,1,1,1,1,1,1,1,1,1,1,-6.1906,-5.54607,-2.96763,-1.44881,-1.3916,-0.718873,-0.52636,-0.707807,-0.612049,-1.00471,-0.532867,-0.916117,0,-0.822421,-6.03882,"LWK"
150462603,".",1,1,1,1,1,1,1,1,1,1,1,1,1,1,1,1,1,-6.26608,-3.52707,-2.08692,-1.64285,-0.904883,-0.65409,-0.921789,-0.882149,-0.834071,-0.912944,-0.806628,-0.74774,-0.209675,0,-0.9006,-6.26608,"LWK"
152903471,".",1,1,1,1,1,1,1,1,1,1,1,1,1,1,1,-4.83006,-3.35138,-3.26555,-3.00456,-2.25703,-1.75226,-1.16238,-1.24068,-0.997174,-1.1042,-0.787787,-0.911382,-0.505031,-0.717754,-0.374738,0,-1.30337,-6.05563,"LWK"
10433671,".",1,1,1,1,1,1,1,1,1,1,1,1,1,1,1,1,1,-5.30437,-3.90178,-3.37996,-2.3228,-2.46478,-1.89241,-1.90506,-1.34941,-1.5476,-1.54355,-1.19295,-0.695739,-0.684718,0,-1.2401,-6.16514,"ESN"
18440969,".",1,1,1,1,1,1,1,1,1,1,1,1,-6.3714,-5.41901,-4.78356,-4.30418,-3.45676,-3.08551,-2.51404,-2.02397,-1.64996,-1.6503,-1.23282,-0.887465,-1.24511,-0.941064,-0.769957,-0.537329,-0.366348,-0.262659,0,-1.22932,-6.3714,"ESN"
18447244,".",1,1,1,1,1,1,1,1,1,1,1,1,1,-5.58289,-4.74861,-4.14626,-4.16688,-3.62523,-2.81636,-2.14688,-1.65372,-2.49668,-2.40288,-1.71911,-2.00203,-1.4733,-1.17923,-0.785753,-0.50429,-0.339557,0,-1.51213,-6.16464,"ESN"
18481819,".",1,1,1,1,1,1,1,1,1,1,1,1,1,1,-6.16464,-5.12612,-3.67577,-3.79262,-3.70623,-2.69826,-3.45426,-2.49668,-1.79639,-1.2687,-0.989149,-0.543656,-0.925556,-0.635807,-0.44514,-0.250373,0,-1.07963,-6.16464,"ESN"
18483252,".",1,1,1,1,1,1,1,1,1,1,1,1,1,1,-6.16464,-5.12612,-3.67577,-3.79262,-3.70623,-2.69826,-3.45426,-2.49668,-1.79639,-1.2687,-0.989149,-0.543656,-0.925556,-0.635807,-0.44514,-0.250373,0,-1.07963,-6.16464,"ESN"
22782732,".",1,1,1,1,1,1,1,1,1,1,1,1,1,1,1,-5.48775,-5.90979,-6.47021,-7.46746,-6.25368,-5.6277,-5.655,-4.56263,-3.38877,-2.77101,-3.13412,-3.05309,-2.6762,-2.60909,-2.60603,0,-3.14122,-6.16845,"ESN"
35419661,".",1,1,1,1,1,1,1,1,1,1,1,1,1,1,1,1,1,-4.95682,-3.21993,-3.32399,-2.96359,-2.15146,-1.65284,-1.66085,-1.37105,-0.914253,-0.918748,-1.03318,-1.05613,-0.729568,0,-0.973941,-7.25213,"ESN"
35509359,".",1,1,1,1,1,1,1,1,1,1,1,1,1,1,1,1,-5.82109,-4.96111,-4.22286,-4.11588,-3.65141,-3.12141,-2.18783,-2.3062,-2.1749,-1.42512,-1.21261,-1.42246,-1.12393,-0.449777,0,-2.12103,-7.27039,"ESN"
40513338,".",1,1,1,1,1,1,1,1,1,1,1,1,1,1,1,1,1,1,-6.76266,-4.31536,-3.52969,-3.23065,-3.02207,-2.19945,-1.88998,-1.68974,-1.64152,-0.89199,-0.790818,-0.534257,0,-0.895077,-6.76266,"ESN"
41874375,".",1,1,1,1,1,1,1,1,1,1,1,1,1,1,-6.74553,-5.46025,-4.86193,-4.89353,-3.84742,-2.99068,-2.35853,-2.04362,-1.8995,-1.38736,-0.896827,-0.96523,-0.61965,-0.612641,-0.709778,-0.832161,0,-1.07963,-7.37982,"ESN"
41876825,".",1,1,1,1,1,1,1,1,1,1,1,1,1,1,-5.30954,-4.32397,-3.84967,-3.99961,-3.12739,-2.41043,-1.88227,-1.66338,-1.5766,-1.13669,-0.720179,-0.79672,-0.501903,-0.508465,-0.605733,-0.728489,0,-0.942886,-6.35182,"ESN"
41926296,".",1,1,1,1,1,1,1,1,1,1,1,1,1,1,-6.35182,-4.60633,-3.64668,-2.98875,-2.29012,-2.41043,-1.81782,-2.21356,-1.48776,-1.00315,-0.671415,-0.425751,-0.521517,-0.880327,-0.947769,-0.583063,0,-0.942886,-6.35182,"ESN"
53370653,".",1,1,1,1,1,1,1,1,1,1,1,1,1,1,-6.4889,-5.20894,-4.73272,-3.36561,-2.55956,-1.93332,-2.06831,-2.01507,-1.81955,-1.14526,-1.43709,-1.12691,-0.875457,-0.8438,-1.05943,-1.17839,0,-0.973941,-6.4889,"ESN"
62887164,".",1,1,1,1,1,1,1,1,1,1,1,1,1,1,1,1,-5.50481,-5.0914,-3.73243,-3.69327,-2.39412,-2.12344,-1.0503,-0.783005,-0.33048,-0.213813,-0.230755,-0.17913,-0.197001,-0.128986,0,-0.339662,-6.35888,"ESN"
63415556,".",1,1,1,1,1,1,1,1,1,1,1,1,1,1,1,-6.52383,-4.5758,-4.69152,-3.28265,-2.04711,-1.38024,-0.843233,-0.401577,-0.10922,-0.0652627,-0.0380321,-0.0439023,-0.0219104,-0.0116873,-0.0365339,0,-0.0854667,-6.52383,"ESN"
103289809,".",1,1,1,1,1,1,1,1,1,1,1,1,1,1,1,1,1,1,1,-5.31952,-3.52774,-3.08404,-2.08687,-2.15513,-1.62158,-1.7402,-0.82788,-1.00179,-0.831865,-0.871517,0,-0.861729,-6.64907,"ESN"
109627376,".",1,1,1,1,1,1,1,1,1,1,1,1,1,1,1,1,1,1,-6.43575,-3.87041,-3.0857,-2.51524,-2.52047,-2.81545,-2.68571,-3.08006,-2.48473,-1.9958,-0.897606,-0.651304,0,-1.43164,-6.13602,"ESN"
112160900,".",1,1,1,1,1,1,1,1,1,1,1,1,1,1,1,1,1,1,-6.43575,-5.38637,-3.88469,-3.45607,-2.96721,-2.64082,-2.03527,-1.29958,-1.21555,-1.05329,-1.07308,-0.574518,0,-1.026,-7.31978,"ESN"
116159033,".",1,1,1,1,1,1,1,1,1,1,1,1,1,1,1,1,1,1,1,1,1,1,-6.95311,-5.17202,-5.3173,-4.59196,-3.21873,-2.62426,-1.37306,-0.826033,0,-1.53169,-7.14378,"ESN"
124789742,".",1,1,1,1,1,1,1,1,1,1,1,1,1,1,1,-6.12613,-5.01381,-3.60554,-3.4806,-2.51229,-1.92253,-1.8892,-1.89896,-1.14462,-1.20853,-1.3549,-1.52762,-1.10873,-0.589325,-0.771974,0,-1.46516,-6.12613,"ESN"
131281844,".",1,1,1,1,1,1,1,1,1,1,1,1,1,1,1,1,1,1,-6.61601,-4.28734,-3.36926,-3.02025,-3.26647,-1.94882,-2.23222,-2.06141,-1.23987,-0.942676,-0.603847,-1.15056,0,-1.15928,-6.61601,"ESN"
154536002,".",1,1,1,1,1,1,1,1,1,1,1,1,1,1,1,1,1,1,1,1,1,1,1,1,-6.24571,-5.60519,-5.77814,-5.052,-4.27854,-3.39792,0,-3.22606,-6.24571,"ESN"
154663327,".",1,1,1,1,1,1,1,1,1,1,1,1,1,1,1,1,1,1,1,1,1,1,1,1,-6.42215,-4.87072,-4.80433,-3.97045,-2.6174,-2.67718,0,-2.50562,-6.18164,"ESN"
2961533,".",1,1,1,1,1,1,1,1,1,1,1,1,1,1,-6.58444,-5.52244,-4.47521,-3.67965,-3.19994,-2.68546,-1.88169,-2.22346,-1.83375,-1.13604,-1.3933,-0.872469,-0.659929,-1.45111,-0.97597,-0.535128,0,-1.6736,-7.12284,"GWD"
9293054,".",1,1,1,1,1,1,1,1,1,1,1,1,1,1,1,1,1,1,1,1,1,-7.31831,-7.69339,-5.52826,-4.10628,-3.55392,-1.83958,-1.26619,-1.68272,-0.597424,0,-1.89336,-8.09089,"GWD"
40175946,".",1,1,1,1,1,1,1,1,1,1,1,1,1,1,1,-7.59726,-5.45196,-4.22443,-3.19834,-3.59486,-2.84609,-2.27123,-1.91631,-1.27354,-0.766882,-0.81532,-0.883013,-0.913415,-0.623668,-0.14444,0,-1.01826,-6.63706,"GWD"
40177042,".",1,1,1,1,1,1,1,1,1,1,1,1,1,1,1,-7.59726,-5.45196,-4.22443,-3.19834,-3.59486,-2.84609,-2.27123,-1.91631,-1.27354,-0.766882,-0.81532,-0.883013,-0.913415,-0.623668,-0.14444,0,-1.01826,-6.63706,"GWD"
43917697,".",1,1,1,1,1,1,1,1,1,1,1,1,1,1,1,-7.06123,-5.76398,-4.16859,-3.93699,-3.6818,-2.68016,-2.65063,-1.5569,-1.37029,-1.05356,-0.381816,-0.178228,-0.11197,-0.157894,-0.121757,0,-0.531725,-7.06123,"GWD"
43925554,".",1,1,1,1,1,1,1,1,1,1,1,1,1,1,1,-5.35175,-5.35175,-2.76726,-2.51019,-2.93422,-2.23153,-1.13364,-0.939554,-0.691534,-0.439265,-0.319437,-0.103001,-0.0904211,-0.154449,-0.060873,0,-0.415579,-6.00065,"GWD"
53491872,".",1,1,1,1,1,1,1,1,1,1,1,1,1,1,1,1,1,-9.01158,-8.14752,-5.59432,-5.22625,-3.80353,-3.10649,-2.06091,-1.81698,-1.32175,-1.13613,-0.997466,-0.571811,-1.25803,0,-1.24053,-9.01158,"GWD"
53609779,".",1,1,1,1,1,1,1,1,1,1,1,1,1,1,1,-6.85446,-5.08308,-4.28294,-3.07821,-2.67199,-2.27746,-1.62848,-1.29242,-0.90686,-0.566766,-0.603241,-0.983535,-1.06175,-0.845169,-0.935203,0,-0.669456,-6.85446,"GWD"
87145373,".",1,1,1,1,1,1,1,1,1,1,1,1,1,1,1,1,1,1,-5.31892,-3.74655,-3.19819,-2.12386,-1.24034,-0.743866,-0.830477,-0.444788,-0.559705,-0.420263,-0.326049,-0.707652,0,-0.603442,-6.18217,"GWD"
99695112,".",1,1,1,1,1,1,1,1,1,1,1,1,1,1,1,1,1,-6.57711,-5.79707,-4.38867,-2.89989,-2.43647,-2.65099,-2.14068,-1.28274,-1.55539,-1.07568,-0.78649,-0.525383,-0.53366,0,-1.5343,-7.32309,"GWD"
109733306,".",1,1,1,1,1,1,1,1,1,1,1,1,1,1,1,1,1,1,1,1,-7.04975,-5.81475,-4.2209,-4.28895,-3.88972,-2.79841,-2.31578,-1.40897,-1.49408,-0.984855,0,-1.74687,-6.42781,"GWD"
110194792,".",1,1,1,1,1,1,1,1,1,1,1,1,1,1,-6.01448,-5.39705,-4.50672,-2.77619,-2.56192,-3.2038,-2.50238,-2.39812,-1.86787,-1.7836,-1.80115,-1.0711,-0.922552,-1.06377,-0.556356,-0.369224,0,-1.52823,-6.01448,"GWD"
110200697,".",1,1,1,1,1,1,1,1,1,1,1,1,1,1,-6.01448,-5.39705,-4.50672,-2.77619,-2.56192,-3.2038,-2.50238,-2.39812,-1.86787,-1.7836,-1.80115,-1.0711,-0.922552,-1.06377,-0.556356,-0.369224,0,-1.52823,-6.01448,"GWD"
110224305,".",1,1,1,1,1,1,1,1,1,1,1,1,1,1,1,1,-6.11726,-3.86364,-3.81223,-3.91097,-3.47338,-2.88996,-2.1482,-1.80848,-1.33451,-1.16365,-1.01818,-0.822106,-0.390584,-0.224724,0,-1.33849,-6.11726,"GWD"
110224535,".",1,1,1,1,1,1,1,1,1,1,1,1,1,1,-6.01448,-5.39705,-4.50672,-2.77619,-2.56192,-3.2038,-2.50238,-2.39812,-1.86787,-1.7836,-1.80115,-1.0711,-0.922552,-1.06377,-0.556356,-0.369224,0,-1.52823,-6.01448,"GWD"
110227268,".",1,1,1,1,1,1,1,1,1,1,1,1,1,1,-6.01448,-5.39705,-4.50672,-2.77619,-2.56192,-3.2038,-2.50238,-2.39812,-1.86787,-1.7836,-1.80115,-1.0711,-0.922552,-1.06377,-0.556356,-0.369224,0,-1.52823,-6.01448,"GWD"
110302165,".",1,1,1,1,1,1,1,1,1,1,1,1,1,1,1,1,-4.75633,-5.32699,-4.5366,-5.03122,-4.7863,-5.29974,-3.79338,-2.78611,-1.8812,-1.80009,-1.08645,-1.00731,-0.753316,-0.575734,0,-1.46738,-6.05079,"GWD"
111005660,".",1,1,1,1,1,1,1,1,1,1,1,1,1,1,-6.07029,-5.49065,-4.06246,-4.05276,-4.00494,-3.19063,-3.42635,-2.59442,-2.4315,-1.96893,-1.71905,-0.969491,-0.777695,-0.681137,-0.354751,-0.268574,0,-1.34124,-6.07029,"GWD"
130985076,".",1,1,1,1,1,1,1,1,1,1,1,1,1,-6.88648,-6.04409,-5.74442,-4.74212,-4.46402,-3.74481,-3.01311,-2.50887,-2.18905,-1.6746,-1.32927,-1.00981,-0.721538,-0.503026,-0.387178,-0.230491,-0.54817,0,-1.48867,-6.88648,"GWD"
131281844,".",1,1,1,1,1,1,1,1,1,1,1,1,1,1,1,1,1,-6.03994,-5.35581,-4.74909,-4.17628,-4.17111,-4.38826,-2.90486,-2.34985,-1.36589,-1.06413,-0.85191,-0.474194,-0.21928,0,-1.18956,-6.03994,"GWD"
22782732,".",1,1,1,1,1,1,1,1,1,1,1,1,1,1,1,-7.31568,-7.68515,-6.266,-4.62199,-4.82604,-4.11746,-3.80346,-3.13623,-2.96754,-3.26934,-1.92518,-1.32771,-1.15136,-0.623392,-0.369705,0,-3.83234,-7.31568,"MSL"
145307128,".",1,1,1,1,1,1,1,1,1,1,1,1,1,1,1,-7.09725,-5.40534,-5.80445,-5.31349,-4.15339,-3.40605,-2.67953,-1.58921,-0.878767,-1.14797,-1.17716,-1.54802,-1.73211,-1.64087,-0.849035,0,-1.39019,-7.16608,"MSL"
3634773,".",1,1,1,1,1,1,1,1,1,1,1,1,1,1,1,-6.97084,-6.37635,-5.03728,-4.53059,-3.23762,-2.14802,-1.198,-0.878569,-0.466934,-0.744106,-0.521109,-0.317657,-0.226386,-0.187231,-0.0750771,0,-0.496747,-6.70243,"YRI"
5445914,".",1,1,1,1,1,1,1,1,1,1,1,1,1,1,1,1,1,1,1,1,1,1,1,-5.2134,-4.59587,-3.23402,-2.80243,-3.33431,-1.82269,-1.48384,0,-1.69073,-6.04987,"YRI"
14404233,".",1,1,1,1,1,1,1,1,1,1,1,1,1,1,1,1,-5.01234,-3.51335,-3.21874,-1.84427,-2.22553,-2.20863,-1.50039,-0.997093,-0.365347,-0.709684,-0.667716,-0.738015,-0.722243,-0.669143,0,-0.986658,-6.35495,"YRI"
17867086,".",1,1,1,1,1,1,1,1,1,1,1,1,1,-5.90744,-5.06889,-4.74469,-3.59794,-3.12384,-3.39699,-2.38633,-1.71987,-2.30837,-2.37215,-1.61331,-1.03877,-0.737265,-0.882403,-0.641179,-0.614317,-0.318861,0,-1.25062,-6.49134,"YRI"
17885228,".",1,1,1,1,1,1,1,1,1,1,1,1,1,1,-7.17108,-6.63236,-5.77719,-4.79449,-3.89445,-3.21324,-2.3171,-1.62522,-1.40546,-1.24577,-2.449,-1.67275,-1.28394,-0.844416,-0.765999,-0.396066,0,-1.39345,-7.84451,"YRI"
17896338,".",1,1,1,1,1,1,1,1,1,1,1,1,1,-6.58648,-6.46982,-6.02007,-6.02007,-4.02958,-3.17826,-2.83062,-3.30951,-3.13819,-1.64918,-1.86417,-1.36788,-0.913525,-0.575471,-0.537864,-0.426521,-0.385252,0,-0.897054,-6.58648,"YRI"
17896641,".",1,1,1,1,1,1,1,1,1,1,1,1,1,-6.58648,-6.46982,-6.02007,-6.02007,-4.02958,-3.17826,-2.83062,-3.30951,-3.13819,-1.64918,-1.86417,-1.36788,-0.913525,-0.575471,-0.537864,-0.426521,-0.385252,0,-0.897054,-6.58648,"YRI"
17896735,".",1,1,1,1,1,1,1,1,1,1,1,1,1,-6.58648,-6.46982,-6.02007,-6.02007,-4.02958,-3.17826,-2.83062,-3.30951,-3.13819,-1.64918,-1.86417,-1.36788,-0.913525,-0.575471,-0.537864,-0.426521,-0.385252,0,-0.897054,-6.58648,"YRI"
17897830,".",1,1,1,1,1,1,1,1,1,1,1,1,1,-6.58648,-6.46982,-6.02007,-6.02007,-4.02958,-3.17826,-2.83062,-3.30951,-3.13819,-1.64918,-1.86417,-1.36788,-0.913525,-0.575471,-0.537864,-0.426521,-0.385252,0,-0.897054,-6.58648,"YRI"
17897985,".",1,1,1,1,1,1,1,1,1,1,1,1,1,-6.58648,-6.46982,-6.02007,-6.02007,-4.02958,-3.17826,-2.83062,-3.30951,-3.13819,-1.64918,-1.86417,-1.36788,-0.913525,-0.575471,-0.537864,-0.426521,-0.385252,0,-0.897054,-6.58648,"YRI"
17898001,".",1,1,1,1,1,1,1,1,1,1,1,1,1,-6.58648,-6.46982,-6.02007,-6.02007,-4.02958,-3.17826,-2.83062,-3.30951,-3.13819,-1.64918,-1.86417,-1.36788,-0.913525,-0.575471,-0.537864,-0.426521,-0.385252,0,-0.897054,-6.58648,"YRI"
17898727,".",1,1,1,1,1,1,1,1,1,1,1,1,1,-6.58648,-6.46982,-6.02007,-6.02007,-4.02958,-3.17826,-2.83062,-3.30951,-3.13819,-1.64918,-1.86417,-1.36788,-0.913525,-0.575471,-0.537864,-0.426521,-0.385252,0,-0.897054,-6.58648,"YRI"
17900260,".",1,1,1,1,1,1,1,1,1,1,1,1,1,1,-7.08667,-5.06713,-5.58056,-3.6356,-2.7523,-2.51807,-1.76014,-1.8426,-1.24248,-1.37883,-0.869394,-0.55885,-0.806626,-0.475283,-0.541471,-0.431646,0,-0.833258,-7.08667,"YRI"
18422684,".",1,1,1,1,1,1,1,1,1,1,1,1,1,1,-6.32806,-5.28832,-5.03652,-3.64021,-2.3942,-2.07977,-1.37968,-1.41593,-1.20138,-0.809862,-0.733077,-0.830442,-0.791821,-0.67476,-0.386663,-0.3358,0,-1.03736,-6.32806,"YRI"
18526656,".",1,1,1,1,1,1,1,1,1,1,1,1,1,1,1,1,1,-4.03506,-3.76758,-4.00789,-3.73989,-2.82859,-1.81561,-1.69837,-1.47149,-1.72126,-1.6346,-0.883572,-0.790504,-0.315779,0,-1.63969,-6.47445,"YRI"
31588262,".",1,1,1,1,1,1,1,1,1,1,1,1,1,1,1,1,1,1,-4.79212,-5.05722,-3.32112,-4.64169,-2.80787,-2.07713,-1.94094,-1.76956,-1.27842,-1.17578,-0.654339,-1.0368,0,-0.984089,-6.33878,"YRI"
35259177,".",1,1,1,1,1,1,1,1,1,1,1,1,1,1,1,1,-6.16111,-5.18451,-4.50993,-3.25337,-3.73803,-2.43502,-1.5655,-1.70549,-1.15091,-1.71432,-1.82467,-1.3983,-1.06594,-0.905361,0,-1.56672,-6.16111,"YRI"
35317630,".",1,1,1,1,1,1,1,1,1,1,1,1,1,1,1,1,-6.727,-5.26244,-5.36804,-3.99518,-2.62016,-3.21962,-3.31602,-3.64616,-3.46806,-2.60376,-1.33535,-1.0741,-0.919955,-1.36026,0,-1.21804,-6.727,"YRI"
35431367,".",1,1,1,1,1,1,1,1,1,1,1,1,1,1,1,1,1,-6.77939,-5.37146,-4.34843,-2.65743,-2.45677,-1.32359,-1.1572,-0.965855,-1.18099,-0.903851,-1.21338,-1.02067,-1.8286,0,-1.32454,-8.32088,"YRI"
35507958,".",1,1,1,1,1,1,1,1,1,1,1,1,1,1,1,1,1,1,-5.55361,-5.78937,-5.18624,-4.64822,-3.38377,-1.77142,-1.42111,-0.816632,-0.489041,-0.479911,-0.285063,-0.361838,0,-0.632195,-6.42948,"YRI"
35509359,".",1,1,1,1,1,1,1,1,1,1,1,1,1,1,1,1,-4.28723,-4.84119,-3.83709,-3.80613,-2.81684,-2.50896,-2.07732,-1.50584,-0.910773,-0.48532,-0.403149,-0.372624,-0.204745,-0.446675,0,-0.496808,-6.11216,"YRI"
41475313,".",1,1,1,1,1,1,1,1,1,1,1,1,1,-5.59389,-5.13805,-4.16088,-3.30933,-3.47558,-2.7193,-2.01195,-1.45402,-0.908607,-0.59903,-0.644161,-0.375002,-0.905982,-0.744997,-0.742185,-0.4632,-0.579974,0,-1.17091,-6.17469,"YRI"
41874375,".",1,1,1,1,1,1,1,1,1,1,1,1,1,1,1,1,-5.49469,-4.56919,-3.08435,-1.54564,-0.924784,-1.09383,-0.678755,-0.272673,-0.170114,-0.342847,-0.320471,-0.0929894,-0.141308,-0.372728,0,-0.300982,-6.14623,"YRI"
41876825,".",1,1,1,1,1,1,1,1,1,1,1,1,1,1,1,1,-5.49469,-4.56919,-3.08435,-1.54564,-0.924784,-1.09383,-0.678755,-0.272673,-0.170114,-0.342847,-0.320471,-0.0929894,-0.141308,-0.372728,0,-0.300982,-6.14623,"YRI"
54642183,".",1,1,1,1,1,1,1,1,1,1,1,1,1,1,1,1,1,1,1,1,1,-4.94679,-3.01982,-1.75687,-1.16843,-0.631775,-0.416034,-0.355931,-0.343114,-0.259862,0,-0.399912,-6.16541,"YRI"
63441897,".",1,1,1,1,1,1,1,1,1,1,1,1,1,1,1,-4.46201,-3.78357,-3.27,-2.32719,-2.55338,-3.07948,-3.22482,-2.99716,-2.1164,-1.39605,-0.900344,-0.858451,-0.494749,-0.521069,-0.318861,0,-1.25062,-6.49134,"YRI"
63445886,".",1,1,1,1,1,1,1,1,1,1,1,1,1,1,1,-4.46201,-3.78357,-3.27,-2.32719,-2.55338,-3.07948,-3.22482,-2.99716,-2.1164,-1.39605,-0.900344,-0.858451,-0.494749,-0.521069,-0.318861,0,-1.25062,-6.49134,"YRI"
63452326,".",1,1,1,1,1,1,1,1,1,1,1,1,1,1,1,-4.46201,-3.78357,-3.27,-2.32719,-2.55338,-3.07948,-3.22482,-2.99716,-2.1164,-1.39605,-0.900344,-0.858451,-0.494749,-0.521069,-0.318861,0,-1.25062,-6.49134,"YRI"
63461449,".",1,1,1,1,1,1,1,1,1,1,1,1,1,1,1,-4.46201,-3.78357,-3.27,-2.32719,-2.55338,-3.07948,-3.22482,-2.99716,-2.1164,-1.39605,-0.900344,-0.858451,-0.494749,-0.521069,-0.318861,0,-1.25062,-6.49134,"YRI"
63809928,".",1,1,1,1,1,1,1,1,1,1,1,1,1,1,1,-7.19646,-5.6466,-3.81745,-3.80128,-2.82034,-3.58068,-3.09015,-2.26766,-2.10453,-1.53828,-1.03137,-0.765175,-0.681114,-0.394825,-0.22956,0,-0.982392,-7.19646,"YRI"
71254098,".",1,1,1,1,1,1,1,1,1,1,1,1,1,1,1,1,1,1,-5.83718,-3.81952,-2.36923,-2.56848,-2.12286,-2.50246,-2.4303,-2.03265,-1.5376,-0.69942,-0.179659,-0.116529,0,-1.14034,-6.47445,"YRI"
71254717,".",1,1,1,1,1,1,1,1,1,1,1,1,1,1,1,1,1,1,-5.83718,-3.81952,-2.36923,-2.56848,-2.12286,-2.50246,-2.4303,-2.03265,-1.5376,-0.69942,-0.179659,-0.116529,0,-1.14034,-6.47445,"YRI"
77829657,".",1,1,1,1,1,1,1,1,1,1,1,1,1,1,1,1,1,1,1,1,-6.71828,-6.14778,-4.77397,-3.88045,-2.05379,-1.44281,-2.6835,-2.42294,-1.94993,-2.0071,0,-2.35211,-6.80039,"YRI"
78587778,".",1,1,1,1,1,1,1,1,1,1,1,1,1,1,1,-6.47959,-5.87395,-6.61019,-6.49899,-4.812,-3.45901,-2.11838,-1.62739,-1.79988,-1.91062,-2.32419,-2.06935,-1.68897,-1.16859,-0.671966,0,-1.84049,-6.47959,"YRI"
79442126,".",1,1,1,1,1,1,1,1,1,1,1,1,1,1,1,1,-6.96167,-5.88981,-3.32655,-3.14824,-2.4648,-1.38623,-1.68566,-1.53388,-0.809732,-0.770141,-0.728286,-0.779353,-1.12696,-0.730808,0,-0.744401,-7.7533,"YRI"
82193821,".",1,1,1,1,1,1,1,1,1,1,1,1,1,1,-5.28832,-4.30647,-3.44866,-3.64021,-2.98483,-2.15359,-1.47682,-0.792531,-0.591631,-0.544214,-0.488887,-0.528027,-0.288948,-0.160586,-0.138819,-0.209255,0,-0.481451,-6.32806,"YRI"
82203456,".",1,1,1,1,1,1,1,1,1,1,1,1,1,1,-5.28832,-4.30647,-3.44866,-3.64021,-2.98483,-2.15359,-1.47682,-0.792531,-0.591631,-0.544214,-0.488887,-0.528027,-0.288948,-0.160586,-0.138819,-0.209255,0,-0.481451,-6.32806,"YRI"
82206435,".",1,1,1,1,1,1,1,1,1,1,1,1,1,1,-5.28832,-4.30647,-3.44866,-3.64021,-2.98483,-2.15359,-1.47682,-0.792531,-0.591631,-0.544214,-0.488887,-0.528027,-0.288948,-0.160586,-0.138819,-0.209255,0,-0.481451,-6.32806,"YRI"
97833845,".",1,1,1,1,1,1,1,1,1,1,1,1,1,1,1,1,1,-6.48596,-5.49419,-3.84354,-2.58142,-3.01533,-2.22776,-2.32941,-1.45582,-0.490798,-0.287539,-0.22418,-0.188563,-0.0593047,0,-0.359544,-6.58069,"YRI"
110124088,".",1,1,1,1,1,1,1,1,1,1,1,1,1,1,1,1,1,1,-7.08263,-5.24908,-4.52452,-4.80107,-3.55737,-3.53939,-1.58073,-1.49225,-0.942489,-0.634044,-0.319719,-0.461173,0,-0.772128,-7.29576,"YRI"
110125481,".",1,1,1,1,1,1,1,1,1,1,1,1,1,1,1,1,1,-10.7913,-8.17165,-6.42651,-5.61493,-4.90649,-4.7022,-4.8953,-2.92578,-2.97643,-2.538,-1.86539,-1.52664,-1.23993,0,-2.10993,-9.64581,"YRI"
110138945,".",1,1,1,1,1,1,1,1,1,1,1,1,1,1,1,1,-8.52505,-7.44291,-6.69029,-6.36056,-6.15203,-4.42343,-4.63086,-3.46164,-2.08258,-1.60566,-1.33264,-1.86539,-1.173,-0.796882,0,-1.88969,-7.97396,"YRI"
129344714,".",1,1,1,1,1,1,1,1,1,1,1,1,1,1,1,1,1,1,1,-6.02119,-6.18273,-6.9742,-5.09116,-4.84181,-4.07205,-3.1796,-3.23457,-2.78009,-2.64792,-2.25955,0,-2.55587,-6.02119,"YRI"
130134414,".",1,1,1,1,1,1,1,1,1,1,1,1,1,1,1,1,-5.39968,-5.44417,-4.06939,-2.79703,-1.62386,-0.804188,-0.806047,-1.40466,-1.36346,-1.10848,-0.892731,-1.20872,-0.776293,-0.453093,0,-1.13112,-6.79372,"YRI"
130136005,".",1,1,1,1,1,1,1,1,1,1,1,1,1,1,1,1,-5.39968,-5.44417,-4.06939,-2.79703,-1.62386,-0.804188,-0.806047,-1.40466,-1.36346,-1.10848,-0.892731,-1.20872,-0.776293,-0.453093,0,-1.13112,-6.79372,"YRI"
150477693,".",1,1,1,1,1,1,1,1,1,1,1,1,1,1,1,1,-6.15505,-6.5161,-4.0401,-2.58452,-2.29747,-1.75157,-2.007,-1.67514,-1.05296,-0.864704,-0.875746,-0.782301,-0.35024,-0.290633,0,-0.587284,-6.37167,"YRI"
